data;importo;codice;descrizione
2018-01-24;1000;AS;Stipendio gennaio
2018-01-28;-250;BA;Riscaldamento rata 3
2018-02-01;-300;PC;Prelievo bancomat 101
2018-02-25;1000;AS;Stipendio febbraio
2018-03-02;-50;PB;Pagobancomat Ikea
2018-03-25;-250;BA;Riscaldamento rata 4
2018-03-28;1000;AS;Stipendio marzo
2018-04-11;-300;PC;Prelievo bancomat 101
2018-03-27;1000;AS;Stipendio aprile
2018-05-11;-520;BA;Condominio rata 1
2018-05-12;-30;PB;Pagobancomat Farmacia Rossi
2018-05-25;1000;AS;Stipendio maggio
2018-06-05;250;VS;Versamento
2018-06-13;620;BD;Saldo collaborazione
2018-06-27;1000;AS;Stipendio giugno
2018-07-10;-500;PC;Prelievo bancomat 91
2018-07-24;1000;AS;Stipendio luglio
2018-08-06;-150;PC;Prelievo bancomat 126